Workbook
Name _Hlk25056703: 'tabla mortalidad 2018'!$A$3

Sheet tabla mortalidad 1998
A1: Guatemala: tabla de mortalidad femenina, 1998
N2: 1998 | O2: 2018
A3: x (edad) | B3: n | C3: nKx | D3: nDx | E3: nMx | F3: nax | G3: nqx | H3: npx | I3: lx | J3: ndx | K3: nLx | L3: Tx | M3: e | N3: ='tabla mortalidad 1998'!E3 -> nMx | O3: ='tabla mortalidad 2018'!E3 -> nmx | S3: ndx
A4: 0 | B4: 1 | C4: 181367 | D4: 6684 | E4: =D4/C4 -> 0.036853452 | F4: 0.1562 | G4: =(B4*E4)/(1+(B4-F4)*E4) -> 0.035741985 | H4: =1-G4 -> 0.96425801 | I4: 100000 | J4: =I4-I5 -> 3574.1985 | K4: =(B4*I5)+(F4*D4) -> 97469.842 | L4: =L5+K4 -> 6851332.9 | M4: =L4/I4 -> 68.513329 | N4: ='tabla mortalidad 1998'!E4 -> 0.036853452 | O4: ='tabla mortalidad 2018'!E4 -> 0.018372269
A5: 1 | B5: 4 | C5: 723017 | D5: 4094 | E5: =D5/C5 -> 0.0056623841 | F5: =IF(E5>=0.107,1.361,1.522-1.518*E4) -> 1.4660565 | G5: =(B5*E5)/(1+(B5-F5)*E5) -> 0.022329154 | H5: =1-G5 -> 0.97767085 | I5: =I4*H4 -> 96425.801 | J5: =I5-I6 -> 2153.1066 | K5: =(B5*I6)+(F5*D5) -> 383092.81 | L5: =L6+K5 -> 6753863.1 | M5: =L5/I5 -> 70.042073 | N5: ='tabla mortalidad 1998'!E5 -> 0.0056623841 | O5: ='tabla mortalidad 2018'!E5 -> 0.0050804573
A6: 5 | B6: 5 | C6: 800809 | D6: 720 | E6: =D6/C6 -> 0.00089909079 | F6: =B6/2 -> 2.5 | G6: =(B6*E6)/(1+(B6-F6)*E6) -> 0.0044853721 | H6: =1-G6 -> 0.99551463 | I6: =I5*H5 -> 94272.695 | J6: =I6-I7 -> 422.84811 | K6: =(B6*I7)+(F6*D6) -> 471049.23 | L6: =L7+K6 -> 6370770.2 | M6: =L6/I6 -> 67.578107 | N6: ='tabla mortalidad 1998'!E6 -> 0.00089909079 | O6: ='tabla mortalidad 2018'!E6 -> 0.0003253186
A7: 10 | B7: 5 | C7: 711792 | D7: 501 | E7: =D7/C7 -> 0.00070385731 | F7: =B7/2 -> 2.5 | G7: =(B7*E7)/(1+(B7-F7)*E7) -> 0.0035131047 | H7: =1-G7 -> 0.9964869 | I7: =I6*H6 -> 93849.847 | J7: =I7-I8 -> 329.70434 | K7: =(B7*I8)+(F7*D7) -> 468853.21 | L7: =L8+K7 -> 5899721 | M7: =L7/I7 -> 62.863406 | N7: ='tabla mortalidad 1998'!E7 -> 0.00070385731 | O7: ='tabla mortalidad 2018'!E7 -> 0.0004176402
A8: 15 | B8: 5 | C8: 637682 | D8: 650 | E8: =D8/C8 -> 0.0010193168 | F8: =B8/2 -> 2.5 | G8: =(B8*E8)/(1+(B8-F8)*E8) -> 0.0050836296 | H8: =1-G8 -> 0.99491637 | I8: =I7*H7 -> 93520.142 | J8: =I8-I9 -> 475.42177 | K8: =(B8*I9)+(F8*D8) -> 466848.6 | L8: =L9+K8 -> 5430867.8 | M8: =L8/I8 -> 58.071637 | N8: ='tabla mortalidad 1998'!E8 -> 0.0010193168 | O8: ='tabla mortalidad 2018'!E8 -> 0.00069022375
A9: 20 | B9: 5 | C9: 525017 | D9: 767 | E9: =D9/C9 -> 0.0014609051 | F9: =B9/2 -> 2.5 | G9: =(B9*E9)/(1+(B9-F9)*E9) -> 0.0072779444 | H9: =1-G9 -> 0.99272206 | I9: =I8*H8 -> 93044.721 | J9: =I9-I10 -> 677.1743 | K9: =(B9*I10)+(F9*D9) -> 463755.23 | L9: =L10+K9 -> 4964019.2 | M9: =L9/I9 -> 53.350896 | N9: ='tabla mortalidad 1998'!E9 -> 0.0014609051 | O9: ='tabla mortalidad 2018'!E9 -> 0.0010050228
A10: 25 | B10: 5 | C10: 416776 | D10: 789 | E10: =D10/C10 -> 0.0018931033 | F10: =B10/2 -> 2.5 | G10: =(B10*E10)/(1+(B10-F10)*E10) -> 0.0094209293 | H10: =1-G10 -> 0.99057907 | I10: =I9*H9 -> 92367.546 | J10: =I10-I11 -> 870.18812 | K10: =(B10*I11)+(F10*D10) -> 459459.29 | L10: =L11+K10 -> 4500264 | M10: =L10/I10 -> 48.721268 | N10: ='tabla mortalidad 1998'!E10 -> 0.0018931033 | O10: ='tabla mortalidad 2018'!E10 -> 0.0012487841
A11: 30 | B11: 5 | C11: 334865 | D11: 786 | E11: =D11/C11 -> 0.0023472145 | F11: =B11/2 -> 2.5 | G11: =(B11*E11)/(1+(B11-F11)*E11) -> 0.011667607 | H11: =1-G11 -> 0.98833239 | I11: =I10*H10 -> 91497.358 | J11: =I11-I12 -> 1067.5552 | K11: =(B11*I12)+(F11*D11) -> 454114.02 | L11: =L12+K11 -> 4040804.7 | M11: =L11/I11 -> 44.163075 | N11: ='tabla mortalidad 1998'!E11 -> 0.0023472145 | O11: ='tabla mortalidad 2018'!E11 -> 0.0014960104
A12: 35 | B12: 5 | C12: 277562 | D12: 798 | E12: =D12/C12 -> 0.0028750333 | F12: =B12/2 -> 2.5 | G12: =(B12*E12)/(1+(B12-F12)*E12) -> 0.014272581 | H12: =1-G12 -> 0.98572742 | I12: =I11*H11 -> 90429.803 | J12: =I12-I13 -> 1290.6667 | K12: =(B12*I13)+(F12*D12) -> 447690.68 | L12: =L13+K12 -> 3586690.7 | M12: =L12/I12 -> 39.662706 | N12: ='tabla mortalidad 1998'!E12 -> 0.0028750333 | O12: ='tabla mortalidad 2018'!E12 -> 0.0017982799
A13: 40 | B13: 5 | C13: 241101 | D13: 876 | E13: =D13/C13 -> 0.0036333321 | F13: =B13/2 -> 2.5 | G13: =(B13*E13)/(1+(B13-F13)*E13) -> 0.018003132 | H13: =1-G13 -> 0.98199687 | I13: =I12*H12 -> 89139.136 | J13: =I13-I14 -> 1604.7836 | K13: =(B13*I14)+(F13*D13) -> 439861.76 | L13: =L14+K13 -> 3139000 | M13: =L13/I13 -> 35.214611 | N13: ='tabla mortalidad 1998'!E13 -> 0.0036333321 | O13: ='tabla mortalidad 2018'!E13 -> 0.0023473079
A14: 45 | B14: 5 | C14: 196786 | D14: 937 | E14: =D14/C14 -> 0.0047615176 | F14: =B14/2 -> 2.5 | G14: =(B14*E14)/(1+(B14-F14)*E14) -> 0.023527521 | H14: =1-G14 -> 0.97647248 | I14: =I13*H13 -> 87534.353 | J14: =I14-I15 -> 2059.4663 | K14: =(B14*I15)+(F14*D14) -> 429716.93 | L14: =L15+K14 -> 2699138.2 | M14: =L14/I14 -> 30.835188 | N14: ='tabla mortalidad 1998'!E14 -> 0.0047615176 | O14: ='tabla mortalidad 2018'!E14 -> 0.0032600491
A15: 50 | B15: 5 | C15: 146248 | D15: 1017 | E15: =D15/C15 -> 0.0069539412 | F15: =B15/2 -> 2.5 | G15: =(B15*E15)/(1+(B15-F15)*E15) -> 0.034175569 | H15: =1-G15 -> 0.96582443 | I15: =I14*H14 -> 85474.886 | J15: =I15-I16 -> 2921.1529 | K15: =(B15*I16)+(F15*D15) -> 415311.17 | L15: =L16+K15 -> 2269421.3 | M15: =L15/I15 -> 26.550738 | N15: ='tabla mortalidad 1998'!E15 -> 0.0069539412 | O15: ='tabla mortalidad 2018'!E15 -> 0.00472912
A16: 55 | B16: 5 | C16: 124385 | D16: 1247 | E16: =D16/C16 -> 0.010025325 | F16: =B16/2 -> 2.5 | G16: =(B16*E16)/(1+(B16-F16)*E16) -> 0.048901002 | H16: =1-G16 -> 0.951099 | I16: =I15*H15 -> 82553.733 | J16: =I16-I17 -> 4036.9603 | K16: =(B16*I17)+(F16*D16) -> 395701.37 | L16: =L17+K16 -> 1854110.1 | M16: =L16/I16 -> 22.459434 | N16: ='tabla mortalidad 1998'!E16 -> 0.010025325 | O16: ='tabla mortalidad 2018'!E16 -> 0.0070354947
A17: 60 | B17: 5 | C17: 107311 | D17: 1687 | E17: =D17/C17 -> 0.015720662 | F17: =B17/2 -> 2.5 | G17: =(B17*E17)/(1+(B17-F17)*E17) -> 0.075630893 | H17: =1-G17 -> 0.92436911 | I17: =I16*H16 -> 78516.773 | J17: =I17-I18 -> 5938.2936 | K17: =(B17*I18)+(F17*D17) -> 367109.9 | L17: =L18+K17 -> 1458408.8 | M17: =L17/I17 -> 18.574487 | N17: ='tabla mortalidad 1998'!E17 -> 0.015720662 | O17: ='tabla mortalidad 2018'!E17 -> 0.010363517
... A21: 80 | B21: 5 | C21: 20383 | D21: 2064 | E21: =D21/C21 -> 0.10126085 | F21: =B21/2 -> 2.5 | G21: =(B21*E21)/(1+(B21-F21)*E21) -> 0.40402459 | H21: =1-G21 -> 0.59597541 | I21: =I20*H20 -> 41234.86 | J21: =I21-I22 -> 16659.897 | K21: =(B21*I22)+(F21*D21) -> 128034.82 | L21: =L22+K21 -> 268664.34 | M21: =L21/I21 -> 6.5154661 | N21: ='tabla mortalidad 1998'!E21 -> 0.10126085 | O21: ='tabla mortalidad 2018'!E21 -> 0.069034782
A22: 85+ | C22: 11485 | D22: 2007 | E22: =D22/C22 -> 0.17474967 | F22: =B22/2 -> 0 | G22: 1 | H22: =1-G22 -> 0 | I22: =I21*H21 -> 24574.963 | J22: =I22-I23 -> 24574.963 | K22: =I22/E22 -> 140629.52 | L22: =K22 -> 140629.52 | M22: =L22/I22 -> 5.7224714 | N22: ='tabla mortalidad 1998'!E22 -> 0.17474967 | O22: ='tabla mortalidad 2018'!E22 -> 0.13343751

Sheet tabla mortalidad 2018
A1: Guatemala: tabla de mortalidad femenina, 2018
A3: x (edad) | B3: n | C3: nNx | D3: nDx | E3: nmx | F3: nax | G3: nqx | H3: npx | I3: lx | J3: ndx | K3: nLx | L3: Tx | M3: e
A4: 0 | B4: 1 | C4: 205636 | D4: 3778 | E4: =D4/C4 -> 0.018372269 | F4: =IF(E4>=0.107,0.35,0.053+2.8*E4) -> 0.10444235 | G4: =(B4*E4)/(1+(B4-F4)*E4) -> 0.018074876 | H4: =1-G4 -> 0.98192512 | I4: 100000 | J4: =I4-I5 -> 1807.4876 | K4: =(B4*I5)+(F4*D4) -> 98587.096 | L4: =L5+K4 -> 7539192 | M4: =L4/I4 -> 75.39192
A5: 1 | B5: 4 | C5: 796385 | D5: 4046 | E5: =D5/C5 -> 0.0050804573 | F5: =IF(E5>=0.107,1.361,1.522-1.518*E4) -> 1.4941109 | G5: =(B5*E5)/(1+(B5-F5)*E5) -> 0.020066363 | H5: =1-G5 -> 0.97993364 | I5: =I4*H4 -> 98192.512 | J5: =I5-I6 -> 1970.3666 | K5: =(B5*I6)+(F5*D5) -> 390933.76 | L5: =L6+K5 -> 7440605 | M5: =L5/I5 -> 75.775686
A6: 5 | B6: 5 | C6: 952912 | D6: 310 | E6: =D6/C6 -> 0.0003253186 | F6: 2.5 | G6: =(B6*E6)/(1+(B6-F6)*E6) -> 0.0016252712 | H6: =1-G6 -> 0.99837473 | I6: =I5*H5 -> 96222.146 | J6: =I6-I7 -> 156.38708 | K6: =(B6*I7)+(F6*D6) -> 481103.79 | L6: =L7+K6 -> 7049671.2 | M6: =L6/I6 -> 73.264539
A7: 10 | B7: 5 | C7: 950579 | D7: 397 | E7: =D7/C7 -> 0.0004176402 | F7: 2.5 | G7: =(B7*E7)/(1+(B7-F7)*E7) -> 0.002086023 | H7: =1-G7 -> 0.99791398 | I7: =I6*H6 -> 96065.759 | J7: =I7-I8 -> 200.39538 | K7: =(B7*I8)+(F7*D7) -> 480319.32 | L7: =L8+K7 -> 6568567.4 | M7: =L7/I7 -> 68.375741
A8: 15 | B8: 5 | C8: 938826 | D8: 648 | E8: =D8/C8 -> 0.00069022375 | F8: 2.5 | G8: =(B8*E8)/(1+(B8-F8)*E8) -> 0.0034451739 | H8: =1-G8 -> 0.99655483 | I8: =I7*H7 -> 95865.363 | J8: =I8-I9 -> 330.27285 | K8: =(B8*I9)+(F8*D8) -> 479295.45 | L8: =L9+K8 -> 6088248.1 | M8: =L8/I8 -> 63.508319
A9: 20 | B9: 5 | C9: 861672 | D9: 866 | E9: =D9/C9 -> 0.0010050228 | F9: 2.5 | G9: =(B9*E9)/(1+(B9-F9)*E9) -> 0.0050125197 | H9: =1-G9 -> 0.99498748 | I9: =I8*H8 -> 95535.091 | J9: =I9-I10 -> 478.87153 | K9: =(B9*I10)+(F9*D9) -> 477446.09 | L9: =L10+K9 -> 5608952.6 | M9: =L9/I9 -> 58.710916
A10: 25 | B10: 5 | C10: 760740 | D10: 950 | E10: =D10/C10 -> 0.0012487841 | F10: 2.5 | G10: =(B10*E10)/(1+(B10-F10)*E10) -> 0.0062244878 | H10: =1-G10 -> 0.99377551 | I10: =I9*H9 -> 95056.219 | J10: =I10-I11 -> 591.67627 | K10: =(B10*I11)+(F10*D10) -> 474697.71 | L10: =L11+K10 -> 5131506.5 | M10: =L10/I10 -> 53.983912
A11: 30 | B11: 5 | C11: 657081 | D11: 983 | E11: =D11/C11 -> 0.0014960104 | F11: 2.5 | G11: =(B11*E11)/(1+(B11-F11)*E11) -> 0.0074521806 | H11: =1-G11 -> 0.99254782 | I11: =I10*H10 -> 94464.543 | J11: =I11-I12 -> 703.96683 | K11: =(B11*I12)+(F11*D11) -> 471260.38 | L11: =L12+K11 -> 4656808.8 | M11: =L11/I11 -> 49.296897
A12: 35 | B12: 5 | C12: 575550 | D12: 1035 | E12: =D12/C12 -> 0.0017982799 | F12: 2.5 | G12: =(B12*E12)/(1+(B12-F12)*E12) -> 0.0089511578 | H12: =1-G12 -> 0.99104884 | I12: =I11*H11 -> 93760.576 | J12: =I12-I13 -> 839.26571 | K12: =(B12*I13)+(F12*D12) -> 467194.05 | L12: =L13+K12 -> 4185548.4 | M12: =L12/I12 -> 44.640814
A13: 40 | B13: 5 | C13: 469900 | D13: 1103 | E13: =D13/C13 -> 0.0023473079 | F13: 2.5 | G13: =(B13*E13)/(1+(B13-F13)*E13) -> 0.011668068 | H13: =1-G13 -> 0.98833193 | I13: =I12*H12 -> 92921.31 | J13: =I13-I14 -> 1084.2122 | K13: =(B13*I14)+(F13*D13) -> 461942.99 | L13: =L14+K13 -> 3718354.4 | M13: =L13/I13 -> 40.016164
A14: 45 | B14: 5 | C14: 373614 | D14: 1218 | E14: =D14/C14 -> 0.0032600491 | F14: 2.5 | G14: =(B14*E14)/(1+(B14-F14)*E14) -> 0.016168471 | H14: =1-G14 -> 0.98383153 | I14: =I13*H13 -> 91837.098 | J14: =I14-I15 -> 1484.8654 | K14: =(B14*I15)+(F14*D14) -> 454806.16 | L14: =L15+K14 -> 3256411.4 | M14: =L14/I14 -> 35.458562
A15: 50 | B15: 5 | C15: 299210 | D15: 1415 | E15: =D15/C15 -> 0.00472912 | F15: 2.5 | G15: =(B15*E15)/(1+(B15-F15)*E15) -> 0.023369309 | H15: =1-G15 -> 0.97663069 | I15: =I14*H14 -> 90352.233 | J15: =I15-I16 -> 2111.4693 | K15: =(B15*I16)+(F15*D15) -> 444741.32 | L15: =L16+K15 -> 2801605.2 | M15: =L15/I15 -> 31.007593
A16: 55 | B16: 5 | C16: 245896 | D16: 1730 | E16: =D16/C16 -> 0.0070354947 | F16: 2.5 | G16: =(B16*E16)/(1+(B16-F16)*E16) -> 0.034569441 | H16: =1-G16 -> 0.96543056 | I16: =I15*H15 -> 88240.763 | J16: =I16-I17 -> 3050.4338 | K16: =(B16*I17)+(F16*D16) -> 430276.65 | L16: =L17+K16 -> 2356863.9 | M16: =L16/I16 -> 26.709469
A17: 60 | B17: 5 | C17: 207748 | D17: 2153 | E17: =D17/C17 -> 0.010363517 | F17: 2.5 | G17: =(B17*E17)/(1+(B17-F17)*E17) -> 0.05050896 | H17: =1-G17 -> 0.94949104 | I17: =I16*H16 -> 85190.329 | J17: =I17-I18 -> 4302.875 | K17: =(B17*I18)+(F17*D17) -> 409819.77 | L17: =L18+K17 -> 1926587.3 | M17: =L17/I17 -> 22.615094
... A21: 80 | B21: 5 | C21: 56754 | D21: 3918 | E21: =D21/C21 -> 0.069034782 | F21: 2.5 | G21: =(B21*E21)/(1+(B21-F21)*E21) -> 0.29436956 | H21: =1-G21 -> 0.70563044 | I21: =I20*H20 -> 55844.308 | J21: =I21-I22 -> 16438.864 | K21: =(B21*I22)+(F21*D21) -> 206822.22 | L21: =L22+K21 -> 502132.3 | M21: =L21/I21 -> 8.991647
A22: 85+ | B22: 5 | C22: 46074 | D22: 6148 | E22: =D22/C22 -> 0.13343751 | F22: 0 | G22: =(B22*E22)/(1+(B22-F22)*E22) -> 0.40018747 | H22: =1-G22 -> 0.59981253 | I22: =I21*H21 -> 39405.443 | J22: =I22-I23 -> 39405.443 | K22: =I22/E22 -> 295310.08 | L22: =L23+K22 -> 295310.08 | M22: =L22/I22 -> 7.4941444
